id,user_id,cryptocurrency,amount,transaction_type,status,timestamp,transaction_id,payment_method,transaction_category
023f9b2e-1b9b-460d-9627-d75a13e73881,2034,USDT,937.83,Withdrawal,Completed,2025-02-03 04:09:20,,,
07649056-3744-4394-8f8b-a7fe06bc0001,1152,USDT,1577.3,Withdrawal,Completed,2025-01-26 14:09:55,,,
08cad674-abbf-445c-a254-0ef1cb9d63eb,3879,BTC,2852.17,Withdrawal,Completed,2025-01-11 22:59:22,,,
094538ce-4c19-4853-b8d4-9bcef90c262d,2321,BTC,650.05,Deposit,Completed,2025-02-02 12:34:54,,,
0b484c7b-2d16-4d06-90e8-97553ceb7050,1483,ETH,2233.0,Withdrawal,Completed,2025-01-12 03:13:36,,,
0c4cbb64-29b2-4a43-bb21-1480834a432f,4442,USDT,608.2,Withdrawal,Completed,2025-02-02 03:29:50,,,
0d26b24c-fc6b-415d-9637-01aa12e2ccd4,1956,USDT,1832.42,Deposit,Completed,2025-01-14 17:05:58,,,
0d65e6c7-f31e-4cce-ad49-9f3f71f20549,3205,USDT,4704.54,Withdrawal,Pending,2025-02-04 15:34:55,,,
1605b188-9654-4b13-ae8a-7a94152a7598,3556,USDT,4835.23,Withdrawal,Completed,2025-01-16 04:02:21,,,
1a329917-5557-4722-9cc8-b713a7634a13,1300,ETH,3123.48,Withdrawal,Completed,2025-01-16 18:25:43,,,
1d13b30c-62b5-4712-951a-f20b41db6f4f,3154,BNB,1400.67,Deposit,Duplicate,2025-01-20 05:02:57,,,
1d1666e8-96db-444e-8fe4-1590f5efe5b7,3266,ETH,1843.14,Withdrawal,Completed,2025-01-18 14:25:54,,,
1f788dfd-1277-4464-9c18-d45dec5da893,1295,BNB,562.41,Withdrawal,Completed,2025-01-15 18:32:28,,,
1fa8ead0-a50e-4399-a481-98da0abc498b,1921,ETH,2380.32,Deposit,Completed,2025-02-06 15:08:59,,,
21ab9744-b505-4dc3-948d-d473e6f66c26,3672,BNB,2443.15,Withdrawal,Completed,2025-01-22 21:29:21,,,
299be886-4d7c-41cf-a2cd-431c9329a59b,4751,BTC,4595.0,Withdrawal,Completed,2025-01-23 04:17:03,,,
2b9e8ffb-9668-425c-bbed-e0c028518f45,1095,BTC,1841.36,Deposit,Completed,2025-01-24 01:48:27,,,
2dd1591d-3dc4-46e1-8b79-6c0d047223ba,2620,BTC,3984.43,Withdrawal,Completed,2025-01-31 21:02:09,,,
364c895d-c945-46c1-badf-b8c60738804c,3371,USDT,732.4,Deposit,Reversed,2025-02-05 00:58:14,,,
3990045a-4aa6-475c-a4bf-82244ec7c445,1276,USDT,1138.18,Deposit,Completed,2025-01-18 19:26:10,,,
3998a3d3-98aa-4262-9261-7991a8c8d64c,1828,USDT,4294.18,Withdrawal,Completed,2025-01-29 20:26:18,,,
39b5be3d-9332-4381-a915-b3ec9e5b0280,1047,ETH,2942.56,Deposit,Completed,2025-02-05 22:38:36,,,
3f45c6d5-5681-43f7-8cf3-dabd0196669b,2861,BTC,1270.81,Withdrawal,Completed,2025-02-02 23:50:24,,,
45379270-0db3-4543-ba36-cc81133d05d5,4473,USDT,1966.88,Withdrawal,Completed,2025-02-02 14:14:54,,,
45b0b6cf-22fd-42d6-9221-66ddc816e326,1443,XRP,4304.36,Deposit,Completed,2025-01-22 05:44:49,,,
4c152209-2838-4e6c-abea-116f2c552b36,4882,BNB,2819.95,Withdrawal,Completed,2025-02-03 14:28:00,,,
4e31912c-e794-4f79-8b4b-65bc00fad956,3694,USDT,4540.56,Deposit,Reversed,2025-01-15 02:22:30,,,
4f945fb0-2402-4e1c-8ab5-6e80df786687,4556,BNB,3811.08,Withdrawal,Failed,2025-01-29 07:03:35,,,
509098c1-02e7-4d8f-ab9e-169d833ea81d,4909,USDT,4010.78,Withdrawal,Completed,2025-01-27 13:21:44,,,
53e32551-6a09-4e8e-ba65-6cd9f8c00c52,4855,XRP,1357.91,Withdrawal,Completed,2025-01-15 01:08:17,,,
547a3e9f-dbac-4a73-8512-8f9d86be0e4a,4858,ETH,4645.78,Withdrawal,Pending,2025-02-08 03:31:01,,,
55328b61-d967-4049-96aa-f55d13b7fdbd,4742,BNB,4174.97,Deposit,Reversed,2025-01-25 23:49:51,,,
55f34355-65e8-44fb-af47-bf01601045b4,4592,BTC,2784.26,Deposit,Completed,2025-01-22 04:53:08,,,
56eb1271-4d50-4bf9-bd61-6e279bf22770,4770,BNB,1792.98,Deposit,Completed,2025-02-05 01:01:07,,,
5ac1d282-f67f-44b2-953d-94693c38bad5,2715,BTC,1124.2,Deposit,Completed,2025-01-30 20:16:02,,,
5e2eaa9b-1b90-4da2-b30d-5a323d672cec,1487,BTC,2933.48,Deposit,Completed,2025-01-26 09:25:55,,,
60deacd3-6afa-4794-9af6-7810b944d51a,4758,BTC,3220.22,Deposit,Completed,2025-01-24 02:39:53,,,
615541ab-9bb0-481c-b714-cb465df321ac,2776,BNB,201.74,Deposit,Completed,2025-01-25 05:11:20,,,
685be0be-b2f3-4e1c-9f92-43c1f79535ca,3141,XRP,3987.99,Withdrawal,Completed,2025-01-20 12:22:15,,,
693e7fe0-f9f5-4166-806b-5d204978193b,2887,XRP,4809.68,Deposit,Completed,2025-01-27 15:11:44,,,
69914b23-4e4e-4183-97e7-67d539ab7cb7,1381,ETH,1199.57,Deposit,Completed,2025-01-25 13:25:59,,,
6d56f83b-e6b2-4bf4-9678-278469c6e154,3464,ETH,4685.08,Withdrawal,Pending,2025-01-16 08:28:29,,,
71fa5677-40c4-44d8-8e71-f7a1e4d0f22d,3341,XRP,4421.71,Withdrawal,Completed,2025-01-28 00:52:01,,,
74c645db-aedb-4660-a1e7-76692ce586a4,3040,ETH,155.25,Withdrawal,Completed,2025-01-16 23:24:23,,,
787e0cee-0d1f-4746-b5b1-3ac3f9e2fdf0,4546,BNB,997.65,Deposit,Completed,2025-02-03 11:42:01,,,
794e1f96-2275-48d0-b03c-e078c55c08e0,2559,XRP,1013.76,Withdrawal,Completed,2025-02-07 04:22:01,,,
79509751-fabc-4baf-87a3-e89ddabe891d,1552,XRP,2554.78,Deposit,Duplicate,2025-01-15 05:38:23,,,
7c696fcb-5da1-4797-9b4f-7592dfbd11f6,4829,ETH,2731.47,Withdrawal,Completed,2025-02-05 03:04:26,,,
8388505a-ea32-4913-bd9a-16d795926ea9,2650,XRP,2026.19,Deposit,Completed,2025-01-12 16:11:14,,,
890ab9a6-a690-4012-b568-3aa2b369b0b5,4125,ETH,2284.22,Withdrawal,Completed,2025-01-29 23:42:16,,,
8982cd18-e605-45b0-b2ec-4e8b2802005b,3667,ETH,4320.17,Withdrawal,Completed,2025-01-18 03:01:29,,,
898302db-c295-483f-8c1f-aba375faac71,1476,BTC,1653.17,Deposit,Completed,2025-01-28 13:24:31,,,
8db570c5-6961-4d33-911f-07f71e10e037,3352,XRP,3497.91,Withdrawal,Failed,2025-01-19 17:58:49,,,
95755881-9364-4edd-a688-6d97c213a2a9,1121,USDT,2608.41,Withdrawal,Completed,2025-01-18 20:56:46,,,
962cb798-10e1-4243-b7ef-1b97289170f1,1205,ETH,4100.98,Deposit,Completed,2025-01-30 05:51:07,,,
96b2efa9-b31e-4150-8cc8-23ca1af4c5cc,3878,USDT,3481.91,Deposit,Completed,2025-01-30 07:44:12,,,
a067cc09-dc99-43b5-8328-a751e8fda687,2872,BNB,1932.27,Withdrawal,Completed,2025-01-19 00:39:18,,,
a1260959-2c9f-4d9e-96a6-949df5c253e9,3496,ETH,172.18,Deposit,Completed,2025-01-11 08:14:15,,,
a318b784-05b1-45b2-b42b-0aa701eeedbf,2419,XRP,2703.59,Deposit,Pending,2025-01-30 15:47:15,,,
a31ee7d8-86c1-4331-aa4c-202b340224ed,2045,BNB,1595.99,Deposit,Reversed,2025-02-05 05:51:30,,,
a6dd82d3-e8aa-473d-8b0b-4f20989ab64c,3718,BNB,1150.53,Withdrawal,Completed,2025-01-11 22:06:40,,,
a6f3a08f-3a53-46ee-a3ea-c3128688bcf5,1518,BNB,3856.51,Withdrawal,Completed,2025-01-30 10:04:35,,,
a896f02c-bf1d-4a77-a7a1-936b560d4131,4705,USDT,2936.35,Withdrawal,Completed,2025-01-14 14:39:45,,,
a956c079-8afa-4329-be60-1ef5fa1f70f0,3437,BNB,2605.76,Deposit,Completed,2025-01-21 23:06:53,,,
ab196998-2ebf-4636-ab7d-7a812ea700e0,4211,BTC,2879.18,Deposit,Pending,2025-02-01 07:34:29,,,
ac76c0d4-88df-4230-98cc-6e0c3a93dddf,3884,XRP,1292.16,Deposit,Completed,2025-02-05 14:57:26,,,
acf46b82-136c-48c3-bc58-25a71d841d3d,1077,BNB,151.66,Withdrawal,Completed,2025-01-31 06:30:50,,,
aebb9555-44ae-4153-9734-56fcd9763d8a,3885,XRP,189.51,Withdrawal,Completed,2025-01-23 03:27:57,,,
afab099f-d67e-4c20-a60e-aa25a0339341,3280,XRP,3386.23,Deposit,Completed,2025-01-28 10:52:01,,,
b2dbc16d-fe31-4947-96a2-1eedfb0bf08e,1676,USDT,3380.36,Deposit,Completed,2025-02-07 03:46:30,,,
b34ef5f8-bb14-48a6-84d7-84269a4f192d,1744,XRP,1916.34,Deposit,Completed,2025-01-20 11:37:26,,,
b37aafca-c6a3-4447-897d-e8faa9045f73,2510,BTC,2662.78,Deposit,Completed,2025-01-27 04:38:18,,,
b484621c-32c2-424f-9b58-126e348fc4ef,1041,ETH,329.47,Deposit,Completed,2025-01-23 23:11:17,,,
b7ab5a54-a527-425e-804e-aadeddcd8fef,1007,XRP,4037.16,Withdrawal,Completed,2025-02-06 22:30:32,,,
b8c5dfc1-e720-45c2-9f55-6e0ca1632ce6,2660,BTC,3517.81,Deposit,Completed,2025-01-19 05:19:29,,,
c0c7084f-7bee-4dcd-ac5c-13a218eb9fd2,1232,ETH,2853.51,Withdrawal,Completed,2025-01-26 10:33:46,,,
c1a8ba9a-5602-46a0-a3a5-ffb6265eaa41,4573,USDT,4734.15,Withdrawal,Pending,2025-01-09 19:10:19,,,
c4806f23-b377-4f21-89d7-648e0f4dd27a,4479,ETH,4077.01,Deposit,Completed,2025-01-15 14:42:34,,,
c6ba9341-95ca-4ea6-b98e-1a90848ecb33,1328,XRP,2951.32,Deposit,Pending,2025-01-24 15:28:48,,,
c792f73f-a40e-4e1a-8b0d-239ec7da8dd0,4617,USDT,423.77,Deposit,Completed,2025-01-17 03:46:03,,,
cc5badb7-857b-4f4e-8a53-2c4ddc0ab71c,3725,USDT,2435.41,Withdrawal,Completed,2025-01-25 12:29:28,,,
cc9b22bb-24d4-47c9-b88a-fd262641217e,4249,XRP,4426.57,Deposit,Completed,2025-01-30 05:26:33,,,
cd246e6f-f028-4380-8e3d-71a04faf0ef5,2474,ETH,4181.94,Deposit,Completed,2025-02-04 18:34:17,,,
ce5e0b2e-3aa9-4251-ae49-755d0dc0c5e3,3020,BNB,3648.25,Deposit,Completed,2025-02-02 12:23:25,,,
d3c1aae2-87ac-4e48-8eeb-8934be912eaf,3309,USDT,3704.82,Deposit,Completed,2025-01-28 07:44:07,,,
d6e477c2-2664-4b97-b33c-39db940680a1,3489,ETH,32.37,Deposit,Completed,2025-02-05 23:55:06,,,
dba4b7b3-daf2-4a63-8002-39b74be21c06,4546,BNB,2285.03,Withdrawal,Completed,2025-01-26 14:23:19,,,
dbd75158-ddcc-44eb-ae86-763a43b24740,1379,BNB,3066.35,Deposit,Completed,2025-01-19 23:36:34,,,
dbe1515b-9c4c-419a-9dc2-a46dcd57a719,3201,ETH,2605.05,Deposit,Completed,2025-02-02 23:13:25,,,
dc63c985-607a-4735-aeca-9df10cda91ee,4379,BTC,3176.75,Withdrawal,Completed,2025-01-18 14:50:10,,,
dec842ef-c952-498a-aa2b-a8a633c335c4,4922,BTC,2673.66,Withdrawal,Pending,2025-01-18 18:38:55,,,
dfb5aac9-f072-4476-aac0-dccd0763f1ba,3661,ETH,4383.38,Deposit,Completed,2025-02-03 15:27:49,,,
e3a7f359-a4df-49d1-9cf6-d922c4d626ab,3507,XRP,4283.52,Deposit,Pending,2025-02-06 22:28:15,,,
ec28498c-b62f-4770-840e-318055832b7c,2796,USDT,2351.73,Withdrawal,Completed,2025-01-21 17:43:58,,,
f2ce3557-0ac4-4d46-bf73-83a3bf674447,3978,BTC,1924.38,Deposit,Completed,2025-02-02 13:46:12,,,
f6365a79-8858-4dc7-9ffa-8231a8c97698,1648,BNB,468.08,Deposit,Duplicate,2025-01-17 07:30:33,,,
f7b71a69-f7cc-4b9b-b6d1-15a2c86a84fe,3536,USDT,3631.62,Withdrawal,Completed,2025-02-02 04:54:32,,,
fb5af4cb-7553-4a45-b8af-4ae5e35eba5e,4245,BTC,1578.88,Withdrawal,Pending,2025-01-23 14:44:38,,,
fd049375-67f1-48c4-b45a-a86adc1a774e,4711,ETH,4749.21,Withdrawal,Completed,2025-02-04 22:54:42,,,
ffef07b0-d72a-4b91-8a7f-0f27f3f123a5,2906,BTC,2607.83,Deposit,Pending,2025-01-22 19:35:50,,,
,USR87263,,3295.13,,Failed,2025-02-07 08:12:49,00b47933-36b3-4725-82e0-0308348670a2,Touch 'n Go,Top-up
,USR79088,,2481.02,,Failed,2025-01-14 18:01:49,00c62d7b-6d8f-434f-9c41-14426a42920a,BigPay,Top-up
,USR54790,,775.01,,In Progress,2025-02-07 22:57:49,0159f26a-c5fa-4114-89f3-b9f478faf02c,Touch 'n Go,Payout
,USR51493,,2037.74,,Processed,2025-02-08 02:40:49,01a17dda-17ff-4253-aec3-12f071f8cd09,ShopeePay,Payout
,USR71381,,3676.54,,Processed,2025-01-22 06:11:49,0d15f465-2681-4782-8dfd-864293846f28,GrabPay,Top-up
,USR86833,,4206.89,,Processed,2025-02-08 02:47:49,11b0eeb6-f1df-4776-9367-58299573b832,BigPay,Payout
,USR32852,,3156.62,,Processed,2025-01-20 10:07:49,19581cd1-a1f3-4991-b6f4-981ee7f55563,BigPay,Payout
,USR29501,,568.2,,Failed,2025-02-04 07:31:49,235a9784-ad43-42bc-833a-d091f2a62ff7,Boost,Top-up
,USR10122,,3275.05,,Processed,2025-02-04 20:24:49,245acdbc-60c7-4088-befc-3c6c1564fd59,ShopeePay,Top-up
,USR14217,,1963.07,,In Progress,2025-01-11 22:02:49,2a5b9f46-be34-4e1e-b007-4f310521c397,Boost,Top-up
,USR10700,,3641.68,,Processed,2025-02-02 00:10:49,3510faa4-cc8f-489c-8a03-b4bf31c6ffd8,ShopeePay,Top-up
,USR28416,,487.97,,Failed,2025-01-09 23:31:49,397ffeee-9ba3-4f95-a8f9-c3b716865943,BigPay,Top-up
,USR50344,,2544.65,,In Progress,2025-02-06 02:56:49,3cd087d8-a7bf-492d-844d-a16f98cd52b5,GrabPay,Top-up
,USR13654,,3436.96,,Processed,2025-02-01 09:49:49,4337de96-b10a-4490-9015-4b4ce6df9843,Touch 'n Go,Top-up
,USR28950,,1586.42,,Processed,2025-01-31 15:36:49,438be8e9-82bc-482a-8387-aec1b4dd9280,GrabPay,Top-up
,USR56251,,2661.25,,Processed,2025-01-23 13:20:49,443ae8cd-6cbf-433a-b5bd-a2618361c3df,Boost,Top-up
,USR80602,,2566.32,,In Progress,2025-01-18 00:04:49,490a41d3-8f9a-4c14-970e-24135b992841,GrabPay,Payout
,USR84812,,1654.54,,Failed,2025-01-21 13:25:49,4ab1b48a-790e-4e1d-9b5e-af878f55163a,Boost,Payout
,USR71684,,1157.2,,Processed,2025-02-07 10:27:49,4c5d4c5b-77fa-4be9-9fce-f323d276404f,ShopeePay,Top-up
,USR50252,,3046.85,,In Progress,2025-01-19 13:50:49,50968ded-cc71-45e9-93c2-69b3cb5564b8,Boost,Top-up
,USR99931,,2297.26,,Processed,2025-01-27 06:43:49,523d2f19-8c76-40b8-a8a4-742d6ecdc266,GrabPay,Payout
,USR19709,,3309.37,,Processed,2025-02-09 04:39:49,52675fe2-73d3-4fd7-b7da-e88169cc4113,Touch 'n Go,Top-up
,USR63290,,3730.18,,Failed,2025-02-06 23:54:49,594fe279-576c-45d1-bf25-c15a0a6124f7,GrabPay,Top-up
,USR84776,,2812.83,,Processed,2025-01-30 22:59:49,5c3740ce-bbeb-4356-a0b3-281ac2631cfe,GrabPay,Top-up
,USR24509,,3273.77,,In Progress,2025-01-14 05:09:49,5d1f4d85-e587-4496-9990-721ae2015d0a,BigPay,Top-up
,USR13095,,4413.62,,Processed,2025-02-04 16:20:49,5d4b74b2-fe74-463e-85ff-c0cd05f03816,Touch 'n Go,Payout
,USR22563,,4795.99,,In Progress,2025-02-01 11:47:49,5dfdf1c0-1d54-4aba-8649-d3ce87b3ab2d,GrabPay,Payout
,USR25922,,2822.81,,In Progress,2025-01-31 14:59:49,5f5a44de-924d-4a53-830a-699fcc790a00,BigPay,Payout
,USR29291,,1243.61,,Processed,2025-01-30 07:31:49,5f84b5f8-97ab-45e4-9966-b14c33b8e550,Boost,Top-up
,USR75660,,2234.29,,Failed,2025-01-24 18:10:49,614fe01e-af0d-4d99-b313-7eefdadb2bd6,BigPay,Top-up
,USR78656,,3910.01,,Failed,2025-02-08 05:55:49,621e875d-5de5-4293-811b-c54abba2bbe9,Touch 'n Go,Top-up
,USR85639,,380.68,,Failed,2025-02-01 08:49:49,62ae63ff-5775-41e2-913e-5fd6702a7038,BigPay,Payout
,USR10574,,2846.56,,Processed,2025-01-22 13:37:49,66e79c28-c4a1-4f92-a40a-77a284f5dcb6,ShopeePay,Payout
,USR48897,,3844.27,,In Progress,2025-01-28 14:10:49,66eb1446-9749-43f5-be7c-129f282fc195,GrabPay,Top-up
,USR29321,,2813.66,,Failed,2025-02-09 01:47:49,66f34a04-f405-400e-bc8d-05aad2269446,GrabPay,Top-up
,USR66845,,4116.51,,Processed,2025-01-12 11:51:49,68daa0e2-7668-4ee8-b0ed-577cb8a3b1a6,BigPay,Top-up
,USR68691,,1151.48,,Failed,2025-01-19 02:21:49,6a0ee85d-0f65-4233-af9f-b47bd5a0db04,BigPay,Top-up
,USR97106,,2987.61,,In Progress,2025-02-05 06:52:49,6eb969cc-3a5e-4dab-99ee-3e009a369177,ShopeePay,Payout
,USR91789,,684.99,,In Progress,2025-01-19 12:49:49,6f23dd89-f98e-4501-960e-be35aa65b693,Boost,Payout
,USR31022,,4209.86,,Processed,2025-02-01 02:05:49,6fae9283-6ba5-4b41-ae39-ee148640f963,Boost,Payout
,USR10011,,3219.98,,In Progress,2025-01-18 04:03:49,724843d3-e99b-4e50-8dc3-e33e8d7392cb,Touch 'n Go,Top-up
,USR39328,,3379.49,,Failed,2025-01-27 12:52:49,79ec65a0-462b-48f7-856b-3ddab482c125,ShopeePay,Top-up
,USR66262,,1406.02,,In Progress,2025-01-16 14:51:49,7b02eb50-76fd-4615-a1dd-75eba34dd0a9,BigPay,Payout
,USR65877,,21.45,,Failed,2025-02-08 15:44:49,7b30fdeb-b76d-4a8b-be1f-3bc11499fc63,ShopeePay,Top-up
,USR67684,,2895.61,,In Progress,2025-01-19 12:30:49,7bb181a1-fe62-4b19-b8f8-fea02ae6e714,Touch 'n Go,Payout
,USR13811,,3942.59,,Failed,2025-01-11 14:37:49,7c6b0f56-05bb-4421-90df-ed8d7c8f99ad,ShopeePay,Top-up
,USR72177,,785.05,,Failed,2025-01-21 21:00:49,7f64cdc6-a21d-4d33-b12c-30732e0dd4df,Touch 'n Go,Payout
,USR22503,,4717.76,,In Progress,2025-01-23 15:53:49,80d79bad-435b-40fd-9a11-455b961ddbc7,GrabPay,Payout
,USR52701,,1419.42,,In Progress,2025-01-20 20:16:49,81a5c1b1-6c1e-440a-91c6-43ffc9cd2c8d,GrabPay,Top-up
,USR89537,,3081.76,,Failed,2025-01-31 03:17:49,861bbee1-6d4e-41fc-ab73-875c807c1bbd,GrabPay,Payout
,USR62011,,2190.55,,Failed,2025-01-26 00:26:49,87438048-f86d-437a-8f53-e2173d7f3e9e,Boost,Top-up
,USR26177,,1874.62,,Failed,2025-01-26 20:05:49,88a18c6b-3417-4d0a-b770-3f73ee2f2c06,Boost,Top-up
,USR29730,,3397.24,,Failed,2025-01-30 17:01:49,8c30687b-cb2d-4029-8bf2-382d0b33da05,BigPay,Payout
,USR67589,,1650.25,,Processed,2025-01-18 14:53:49,8e27bd2f-00ff-419a-a8fa-91a4871cd697,ShopeePay,Top-up
,USR34138,,123.87,,In Progress,2025-01-24 01:55:49,902764b8-543c-4499-a8b8-275ab0cfe6e5,ShopeePay,Top-up
,USR67923,,3967.09,,Failed,2025-02-01 04:48:49,942cefc9-f1b0-4963-a65a-dbfc202fc99b,BigPay,Top-up
,USR24391,,3796.29,,In Progress,2025-01-16 10:22:49,96d4eca7-cf2d-4e39-86cc-2362a9383709,Touch 'n Go,Payout
,USR40191,,2365.79,,Processed,2025-01-12 10:07:49,9c1eb980-8635-44d3-9585-db6c034675c1,Touch 'n Go,Payout
,USR11507,,95.17,,In Progress,2025-02-08 07:04:49,9cd90220-c26c-4177-ba2d-b6c05cbd5bac,Boost,Top-up
,USR56569,,1541.11,,Processed,2025-02-04 02:44:49,9de20ead-fb31-494f-894c-2008542420ad,GrabPay,Top-up
,USR10918,,10.92,,In Progress,2025-01-20 08:48:49,a284415b-287d-4c6b-b0c0-7f1d93c4c3b0,GrabPay,Top-up
,USR41424,,4895.37,,Processed,2025-01-10 17:07:49,a31e7eae-f699-43d6-9ae7-a342467e0bc0,GrabPay,Top-up
,USR60428,,2249.38,,Failed,2025-01-20 13:32:49,a4647534-f157-4920-a601-a3f7086f7884,Boost,Top-up
,USR99409,,2169.41,,Processed,2025-02-04 20:40:49,a597d7a2-6436-4155-8637-b769f40f41cd,Boost,Payout
,USR49392,,820.05,,Failed,2025-01-19 17:56:49,aaaa8591-530c-4938-ae8e-28d5cdea3510,Boost,Payout
,USR67854,,691.01,,Processed,2025-02-09 06:55:49,ab64ba99-be0e-4bf4-8771-573f0cabccbe,Touch 'n Go,Top-up
,USR38491,,660.43,,Failed,2025-01-16 15:24:49,acd7d1a2-447e-4211-9098-60a366848e08,ShopeePay,Top-up
,USR13788,,1441.07,,Processed,2025-02-05 20:46:49,ae2c8f25-8e63-472a-b8f0-a056ec56dbfa,Touch 'n Go,Top-up
,USR35298,,1223.52,,Processed,2025-01-31 23:26:49,ae86f910-9653-4337-b60c-d5f2e34abb2a,Boost,Payout
,USR98541,,54.88,,Failed,2025-01-25 19:28:49,afc63de0-c58e-4003-b3fc-fa38101532a6,Touch 'n Go,Top-up
,USR73111,,3050.02,,Failed,2025-01-21 05:10:49,b3f7252c-fe6e-48b7-aa5a-ddf3e8932f65,Boost,Payout
,USR14315,,4288.68,,Failed,2025-01-15 11:04:49,b5da879f-f9b6-438a-b482-0ba7bd26d4a4,Boost,Payout
,USR19626,,2590.47,,In Progress,2025-02-09 06:02:49,b80c0ec8-2cb9-47d5-bad3-44e24354c633,Boost,Top-up
,USR36869,,531.33,,Processed,2025-02-09 02:41:49,bc98f45a-d35e-4ee6-984e-1ee94313e95e,Boost,Payout
,USR22764,,1941.95,,In Progress,2025-01-16 08:02:49,bd57e81e-d172-48bb-a891-a17407e129d2,ShopeePay,Top-up
,USR90720,,4788.44,,Failed,2025-01-15 08:49:49,c3158275-314c-4144-bb32-ec4d56b6702f,ShopeePay,Top-up
,USR20740,,2962.77,,In Progress,2025-02-09 14:49:49,c3ec010a-5a9e-48ec-975d-ee5de1a1c7bb,ShopeePay,Payout
,USR80058,,3243.29,,Failed,2025-01-10 05:00:49,c4a79714-af43-42b8-b68f-8dd8e038ff15,GrabPay,Payout
,USR15473,,4346.26,,Processed,2025-02-06 22:09:49,c7bb8a4e-2072-4732-b204-aafbb50aea7f,Touch 'n Go,Payout
,USR15905,,4192.07,,Failed,2025-02-06 20:34:49,c7c8cc5f-517c-456a-b3e4-785396b9a702,ShopeePay,Top-up
,USR62445,,1686.17,,In Progress,2025-01-15 09:29:49,c899c4e5-0d80-4567-bc30-8c35f450607e,BigPay,Top-up
,USR19740,,1733.91,,Processed,2025-01-16 22:22:49,ca87739e-0926-49d7-9a49-2da8d20ff4cd,ShopeePay,Payout
,USR68395,,968.52,,Processed,2025-01-11 20:27:49,cae70188-6306-4216-bd17-a228ff0a4b36,BigPay,Top-up
,USR96797,,1341.8,,In Progress,2025-01-28 07:40:49,cd5c3dc9-b753-4759-8c4c-2b54a04abc38,Touch 'n Go,Top-up
,USR86693,,3818.1,,Processed,2025-01-12 11:00:49,ce357ece-4b90-4550-b57d-1886060a0d66,Touch 'n Go,Payout
,USR50162,,3060.79,,In Progress,2025-01-19 23:38:49,d1710591-c69f-49d8-b5de-09f44436ce1e,Boost,Payout
,USR95563,,331.54,,Processed,2025-01-19 01:24:49,d3201a47-f40a-45cc-87f4-ca70dbd9f1b3,BigPay,Top-up
,USR62919,,1965.41,,Processed,2025-01-17 22:39:49,d4ceccbc-29a7-4eae-ba0d-a2fe2ffab34b,BigPay,Top-up
,USR82887,,3947.4,,Failed,2025-01-26 06:15:49,dd34d096-a2ab-4a17-9910-c7a2a3af3f41,Touch 'n Go,Payout
,USR24849,,1142.91,,In Progress,2025-01-11 16:38:49,e025a5fb-e4d8-4895-9892-e08382a2c529,BigPay,Top-up
,USR87307,,452.46,,Processed,2025-01-17 06:16:49,e0e00a32-6fac-4919-a769-8c459f907c48,ShopeePay,Top-up
,USR46523,,2966.28,,Processed,2025-02-01 06:19:49,e13e4858-3095-44e7-bc79-6ac229cbbf57,Boost,Top-up
,USR40840,,1083.93,,In Progress,2025-01-27 20:18:49,e1c24297-50b1-4a07-a3f8-fa54b2e2aca7,ShopeePay,Top-up
,USR52437,,4427.72,,In Progress,2025-01-27 09:41:49,e1eebb51-86f5-4c68-887b-8a932cc0d654,BigPay,Top-up
,USR60890,,3284.13,,Failed,2025-01-23 15:09:49,e4f63994-aa56-45e0-af14-b2dc5958fc15,BigPay,Payout
,USR25387,,610.43,,Failed,2025-01-17 17:01:49,eac06621-b86b-4282-ac41-51a1bc7086c3,Boost,Top-up
,USR38714,,3564.21,,Processed,2025-02-01 17:09:49,f3a90c90-d97c-4f1b-8478-032b20a548e8,ShopeePay,Payout
,USR60812,,1052.8,,Failed,2025-01-21 17:31:49,f3d3611d-0634-4caa-8b15-8c4543165ace,GrabPay,Top-up
,USR86658,,4343.68,,Failed,2025-01-30 03:23:49,f543b492-66cd-4e9c-aacb-7615b50ef503,Touch 'n Go,Top-up
,USR87364,,1298.62,,In Progress,2025-01-12 07:12:49,fe78fbb8-8f7a-4cfa-8c70-a6b84626c160,GrabPay,Payout
,ACC77287,,4670.38,Withdrawal,Processed,2025-02-08 07:36:51,0235cf0e-eae3-4f33-a3e6-79188c4ea729,Public Bank,
,ACC63265,,513.55,Withdrawal,Pending,2025-01-24 09:56:51,044438f2-78a1-48ea-bd8a-a2b123ed2269,Public Bank,
,ACC90197,,2363.02,Deposit,Failed,2025-01-12 21:37:51,05b9882e-763a-4d15-9a13-4cace35d51a1,Bank Islam,
,ACC86457,,486.62,Withdrawal,Pending,2025-02-07 13:21:51,07ddd770-2a24-4762-9db7-21ff03b5110b,Bank Islam,
,ACC70626,,2171.81,Withdrawal,Pending,2025-01-30 10:45:51,1a181630-9efd-4a9f-936c-c303557dfa7c,Bank Islam,
,ACC28952,,501.29,Deposit,Failed,2025-01-11 21:41:51,1b7c0a76-a43b-4fa6-a63d-1ae73bdbd85d,Maybank,
,ACC86722,,3369.82,Withdrawal,Pending,2025-01-27 11:27:51,1c922531-04bd-4bc1-b735-5c7ab3685d74,Public Bank,
,ACC38941,,977.38,Withdrawal,Pending,2025-02-06 13:03:51,1d9ba4ce-7693-47cd-9185-9d05ed3132fc,Bank Islam,
,ACC89082,,3974.86,Deposit,Failed,2025-01-16 19:11:51,2c4030b0-face-471e-84cc-045bd3da7839,Bank Islam,
,ACC41496,,3581.65,Withdrawal,Processed,2025-01-14 05:41:51,2f3c519b-975f-4ec6-aeba-6a1a2d2dca79,RHB,
,ACC12747,,770.1,Withdrawal,Pending,2025-01-13 06:18:51,307761ae-2e39-4770-a48d-e2a6b4b281e5,CIMB,
,ACC93661,,3876.33,Deposit,Pending,2025-01-14 08:36:51,374fbb99-3a2b-4aef-82c0-31bf56e98136,CIMB,
,ACC56793,,3024.61,Withdrawal,Processed,2025-02-08 12:05:51,390ec761-12d2-4ff0-ae03-655e3feeda0b,AmBank,
,ACC23207,,3258.02,Deposit,Pending,2025-02-05 09:28:51,3b09d2e4-e17c-4730-b75a-ecf90764c6ea,RHB,
,ACC59353,,2132.82,Withdrawal,Failed,2025-02-05 02:42:51,3c47ccfb-1a16-447f-b4dc-53789764ea3e,Hong Leong Bank,
,ACC24383,,127.81,Deposit,Pending,2025-02-05 23:28:51,3fc041b0-4f4c-4f95-b307-8b27921bcf77,Maybank,
,ACC18429,,1096.63,Withdrawal,Pending,2025-02-04 20:02:51,4525c581-a6d4-4c53-b93f-a4af67ee26a7,CIMB,
,ACC45776,,4447.44,Deposit,Failed,2025-01-20 07:59:51,475aa98c-d755-4f15-b195-4146fcee5716,Maybank,
,ACC29714,,2895.17,Withdrawal,Processed,2025-01-13 09:52:51,4959dffc-b991-41ca-b73b-c87cf41cd0f4,Hong Leong Bank,
,ACC62716,,3444.76,Withdrawal,Failed,2025-01-24 12:27:51,4ba99940-e378-4c0f-8f62-1fd3f330fae3,Bank Islam,
,ACC49129,,1855.37,Withdrawal,Pending,2025-02-05 18:46:51,53e24b92-e2ba-4376-876f-38e33b1e3a36,CIMB,
,ACC80607,,2624.54,Deposit,Pending,2025-01-15 14:28:51,54da1169-799d-4171-be60-ea929284bc89,Hong Leong Bank,
,ACC43479,,3415.7,Deposit,Processed,2025-02-07 15:11:51,587345a0-d579-40f0-b7b5-a5e06003b3cc,Hong Leong Bank,
,ACC25071,,2533.39,Withdrawal,Processed,2025-02-03 14:19:51,5b55d799-f4f3-4605-b983-1317d354e794,CIMB,
,ACC97765,,1187.31,Withdrawal,Pending,2025-01-20 14:34:51,5f2aef45-1998-4215-9dc5-430e1dcd1608,CIMB,
,ACC96529,,2809.03,Withdrawal,Pending,2025-01-19 08:32:51,6070a1af-e0a5-4d32-90d7-a10e9935aace,CIMB,
,ACC49952,,3338.05,Deposit,Processed,2025-01-15 17:00:51,642790b9-7207-4ecc-968d-5ee2bc714dc0,CIMB,
,ACC68392,,2368.6,Deposit,Failed,2025-01-25 04:07:51,6626d03b-c32b-4906-bafa-bb7d720669e3,RHB,
,ACC96748,,1700.66,Deposit,Processed,2025-01-27 07:41:51,66cf4f7b-903f-4c99-9c93-2018b5dd3d89,Public Bank,
,ACC97951,,2630.62,Deposit,Processed,2025-01-23 03:18:51,71064cb3-3b11-426f-b61d-8bfd2e1dfeb9,CIMB,
,ACC38317,,4436.16,Withdrawal,Failed,2025-01-29 21:30:51,714f007f-0357-4a48-a92f-ef42220c8867,Maybank,
,ACC86535,,91.42,Deposit,Pending,2025-01-28 21:13:51,732fa6e4-f812-45a1-8c54-92a8b656e58d,AmBank,
,ACC93518,,4357.01,Withdrawal,Processed,2025-01-19 04:10:51,7333848e-9cdc-41fe-a6c9-e585b31edaf8,Public Bank,
,ACC44533,,2429.7,Deposit,Pending,2025-01-26 10:35:51,7958fdde-5390-47bf-b549-41d19ec17fa3,Bank Islam,
,ACC51177,,4052.98,Withdrawal,Failed,2025-01-31 12:48:51,797dab7a-dca0-4a33-9e82-c5f10c31403f,RHB,
,ACC40951,,4469.47,Deposit,Processed,2025-01-31 10:52:51,7c7534ef-dea3-4026-87d6-eb53b0611174,Public Bank,
,ACC18545,,4465.11,Deposit,Failed,2025-01-30 07:59:51,826b4c2d-f73d-480b-956e-72f6aac36cb4,Bank Islam,
,ACC80734,,812.02,Withdrawal,Failed,2025-01-30 05:48:51,83d1e140-fae8-47b5-8a5e-b35db9df4c2f,Maybank,
,ACC20536,,3480.46,Deposit,Processed,2025-02-01 18:41:51,848af459-4451-4ed9-b246-050f0750f62b,Hong Leong Bank,
,ACC54507,,4900.06,Withdrawal,Failed,2025-01-15 02:18:51,87307353-4654-44ae-8ab8-5da380b63f5f,AmBank,
,ACC14590,,1583.19,Deposit,Pending,2025-01-15 21:22:51,87c321f0-e362-45fe-9f38-6f9c172bc654,Maybank,
,ACC34213,,2649.01,Withdrawal,Failed,2025-01-19 19:34:51,895c33fb-e54b-48d8-acb2-b211bbb88387,Hong Leong Bank,
,ACC70141,,2728.79,Deposit,Processed,2025-01-12 11:23:51,89af031f-dbf9-47c9-bb88-f74b39ca7fa6,AmBank,
,ACC81088,,2572.61,Deposit,Failed,2025-02-04 01:39:51,8ed412c0-324a-4d68-a8e4-3777cd7c0352,Hong Leong Bank,
,ACC84783,,1879.47,Deposit,Processed,2025-01-29 03:18:51,96bfad4f-e231-446a-9308-89b5fa0f78c0,Bank Islam,
,ACC99702,,2897.47,Withdrawal,Processed,2025-01-20 09:46:51,9830ea25-ed80-4cef-b4e6-45072b7d1fa9,Bank Islam,
,ACC27729,,4576.5,Withdrawal,Processed,2025-01-17 10:01:51,9b25c5b4-5f78-43b4-a291-6c0938709680,Hong Leong Bank,
,ACC98931,,3017.69,Withdrawal,Failed,2025-02-02 04:33:51,9b4b77bf-3620-404d-8981-4a3587e8652a,CIMB,
,ACC38172,,610.25,Withdrawal,Processed,2025-01-12 15:04:51,a01e1774-5aa9-4f70-b60f-c1b81632b394,Public Bank,
,ACC31544,,145.3,Deposit,Pending,2025-01-23 06:25:51,a1dc1230-bc97-4b9f-8632-e9dfb2a8319f,Public Bank,
,ACC78396,,2504.63,Deposit,Failed,2025-01-31 01:44:51,a328cfa0-2430-4126-91ea-1d5f35239a23,Hong Leong Bank,
,ACC63520,,2711.35,Deposit,Pending,2025-01-20 05:42:51,a3409231-cc32-4602-afbc-9efed8b74f12,CIMB,
,ACC64644,,799.9,Withdrawal,Pending,2025-01-15 07:46:51,a433743d-344f-4b0b-ac61-4a725a0797cb,RHB,
,ACC13725,,2633.68,Deposit,Failed,2025-01-17 09:35:51,a6059a64-1eb9-4a32-b8cd-6269aa6cf7fc,Bank Islam,
,ACC87071,,2991.2,Deposit,Failed,2025-01-18 01:47:51,a7b45659-5ac5-4217-9a63-1bfd08598c14,CIMB,
,ACC97905,,302.52,Deposit,Pending,2025-01-21 09:32:51,ac2ec8b6-6ac0-49aa-b3a5-422db346c575,RHB,
,ACC21664,,1643.06,Deposit,Failed,2025-02-01 21:32:51,b0dfca4e-4099-469b-9f59-0f75b340ece6,Maybank,
,ACC96145,,288.12,Withdrawal,Failed,2025-01-21 08:01:51,b3047fa0-fda4-405f-895c-d707a656932b,Bank Islam,
,ACC42434,,3722.77,Deposit,Processed,2025-02-05 14:46:51,b7a929a7-b248-44c7-ae17-50e3086f8741,Bank Islam,
,ACC38028,,4075.11,Deposit,Failed,2025-01-27 12:43:51,ba5202ab-f40b-4b67-bfca-9aa0c526b750,CIMB,
,ACC10686,,4189.03,Deposit,Failed,2025-02-02 17:10:51,baf8b9fb-c8ee-4f98-84f7-fa41b989b4c2,Hong Leong Bank,
,ACC92502,,919.24,Deposit,Failed,2025-01-16 11:21:51,bd4cb30b-ca88-4050-b40f-dca7e389d246,Hong Leong Bank,
,ACC60324,,3994.92,Deposit,Failed,2025-01-17 04:08:51,c6367f29-dd59-41d3-914f-482c3b10c537,Public Bank,
,ACC65149,,4596.19,Withdrawal,Pending,2025-01-11 19:28:51,c8b88ee7-9273-4a5e-83fb-f10d22677500,AmBank,
,ACC83774,,2808.79,Withdrawal,Processed,2025-02-02 12:58:51,c9e197c1-505a-4787-9b74-5a30b7819b3e,AmBank,
,ACC60973,,1214.76,Withdrawal,Failed,2025-01-13 17:34:51,ca23fa2e-b6f4-4555-accd-b5939e0575dc,RHB,
,ACC37343,,1490.82,Deposit,Processed,2025-01-22 10:14:51,cabd4b66-6a30-46c8-8db7-edaa37498894,RHB,
,ACC33561,,3464.61,Deposit,Failed,2025-02-05 13:36:51,cd0ec120-4238-4054-a25f-1ca7307857d2,AmBank,
,ACC18869,,1971.48,Withdrawal,Pending,2025-01-30 01:25:51,cdd9021d-1cab-4c69-8687-f7db3124a11c,CIMB,
,ACC34322,,2729.12,Withdrawal,Pending,2025-01-23 10:35:51,ce4bcdb4-fe2d-4725-a207-8eb8019ebca9,Hong Leong Bank,
,ACC19097,,4036.67,Deposit,Processed,2025-02-01 19:46:51,d085a3f3-10d3-452a-abbc-4ecbbed4d30f,Hong Leong Bank,
,ACC60086,,4091.06,Withdrawal,Failed,2025-01-24 03:46:51,d09bcd83-52e5-4c58-975c-27b9fdd24966,RHB,
,ACC26994,,2444.93,Withdrawal,Failed,2025-01-25 05:04:51,d40045c5-5f56-4f0d-9b89-c8c7594bc719,CIMB,
,ACC82241,,939.86,Deposit,Pending,2025-01-22 09:21:51,d654196b-afab-4827-b1c9-e28570317ee0,CIMB,
,ACC28141,,3339.96,Deposit,Processed,2025-01-27 17:39:51,d7348547-2b93-46c2-a159-fd1e57ea7b48,Hong Leong Bank,
,ACC57216,,2782.1,Deposit,Processed,2025-01-11 14:34:51,d7880837-72d6-48ee-86fb-ba2e395b6fd2,Bank Islam,
,ACC40821,,260.98,Withdrawal,Failed,2025-01-23 14:16:51,d80bd877-9b72-413f-a28d-29b2a8dc0c90,AmBank,
,ACC49138,,3009.71,Withdrawal,Pending,2025-01-31 06:37:51,d841ba86-f2c4-4d15-ba1b-40bfd9705437,Hong Leong Bank,
,ACC89313,,1038.31,Withdrawal,Failed,2025-01-28 13:23:51,dc675ec5-ac8b-4727-bcec-336d51f17b6e,Bank Islam,
,ACC92468,,1913.07,Withdrawal,Pending,2025-01-15 10:12:51,dc9351ca-95db-4397-9a58-a50cf9254001,Public Bank,
,ACC18670,,2283.61,Deposit,Failed,2025-01-24 10:02:51,dd7379a5-4e35-4826-b6d4-bb8dc1e3d2bc,Hong Leong Bank,
,ACC98664,,4605.09,Withdrawal,Processed,2025-01-28 04:17:51,e043cdc7-91ac-4c9c-882e-4e3181fae004,Hong Leong Bank,
,ACC64306,,3344.94,Deposit,Processed,2025-02-05 07:11:51,e2af2691-15a3-4f10-9e72-1b891b6715d2,AmBank,
,ACC54958,,1347.16,Withdrawal,Failed,2025-01-20 20:57:51,e55797cd-aec3-4b5c-9651-ea352b69b39a,Bank Islam,
,ACC61087,,598.75,Deposit,Processed,2025-02-02 11:28:51,e670558f-1a74-422f-a46a-efc3f1732988,Hong Leong Bank,
,ACC19795,,4615.58,Deposit,Failed,2025-01-21 12:32:51,e77fdd8a-5a6b-4bc2-a448-616c0a6a32ab,CIMB,
,ACC25945,,3357.11,Deposit,Failed,2025-01-30 14:35:51,e8d772a6-122e-4304-a9e2-2870cdca8e74,Hong Leong Bank,
,ACC13792,,3655.58,Deposit,Pending,2025-02-08 02:22:51,e9dbff1e-3ea0-48ea-9a44-b7ca01a7ef61,Hong Leong Bank,
,ACC48401,,3969.11,Deposit,Pending,2025-01-25 20:32:51,ee74fc42-db30-43e1-86e1-7311cb2f932f,Public Bank,
,ACC66748,,935.16,Deposit,Failed,2025-01-24 16:53:51,eed0edc9-4984-4512-b7c9-d7d9b94ddfa0,Public Bank,
,ACC69816,,3908.9,Withdrawal,Failed,2025-01-27 20:42:51,f04a337f-3be5-4d94-a22b-8da5dbffc201,CIMB,
,ACC98540,,3787.71,Withdrawal,Processed,2025-01-10 23:42:51,f093ffe3-f165-4565-a46b-ae7f8885cc7d,Maybank,
,ACC31912,,4637.27,Deposit,Failed,2025-01-20 05:36:51,f14fd098-b2aa-4c03-9e22-4275da1fab13,Public Bank,
,ACC57158,,2291.32,Deposit,Failed,2025-01-19 10:25:51,f3c087d2-83ba-41b2-aaf3-17aa8d9bb831,Maybank,
,ACC93132,,909.25,Deposit,Pending,2025-02-02 08:16:51,f6f9a7d9-a7ef-4cdf-8c8b-4fe7f4db0a71,Public Bank,
,ACC74617,,1734.47,Deposit,Pending,2025-01-25 13:07:51,f7c69131-cb09-44e5-8a95-113c7e2eff41,Hong Leong Bank,
,ACC83624,,645.42,Withdrawal,Processed,2025-01-17 19:58:51,f929a415-1974-4e86-b14a-f5419d68eb6b,Public Bank,
,ACC55720,,317.2,Deposit,Processed,2025-02-07 13:16:51,f97f8831-f40b-4d10-8620-c84ab489a80c,Maybank,
,ACC16462,,388.47,Deposit,Pending,2025-01-17 02:13:51,fe863299-c3c7-41ef-9539-3dfd634269f2,RHB,
,ACC17559,,4741.53,Withdrawal,Pending,2025-01-12 10:29:51,ff06f5c7-dc1f-4dfa-8c72-61b36f3cb2e0,Public Bank,
